product_title,price,rating,review_count,availability
"iDiskk App-le Certified 2TB Portable External Hard Drive for iPhone,iPad Android Phones,MacBook,Computer to Backup Docs| Photos | Videos,iPhone 15 & 16 Photo Stick Photo Storage Phone Drive",123.99,4.0 out of 5 stars,134 ratings,In Stock
"iDiskk 2TB App-le Certified External Hard Drive for iPhone 16,15 & iPad Android Mobile 2TB Photo Stick,MacBook and PC, Photo Storage Phone Drive to Bacukp Photos/Videos,Files for iPhone14/13/12/11/X",123.99,3.8 out of 5 stars,112 ratings,In Stock
"ThePhotoStick® Omni 128GB - Secure Photo & Video Backup and Transfer | Digital File Organization | USB & Multiport Connection for Phones, Tablets and Computers | Portable Memory | External Storage",79.99,3.7 out of 5 stars,"6,232 ratings",In Stock
"Seagate Portable 2TB External Hard Drive HDD — USB 3.0 for PC, Mac, PlayStation, & Xbox -1-Year Rescue Service (STGX2000400)",69.99,4.6 out of 5 stars,"262,162 ratings",In Stock
"SAMSUNG 990 PRO SSD NVMe M.2 PCIe Gen4, M.2 2280 Internal Solid State Hard Drive, Seq. Read Speeds Up to 7,450 MB/s for High End Computing, Gaming, and Heavy Duty Workstations, MZ-V9P2T0B/AM",169.49,4.8 out of 5 stars,"10,335 ratings",In Stock
"SanDisk 2TB Extreme Portable SSD - Up to 1050MB/s, USB-C, USB 3.2 Gen 2, IP65 Water and Dust Resistance, Updated Firmware - External Solid State Drive - SDSSDE61-2T00-G25",139.08,4.6 out of 5 stars,"70,655 ratings",In Stock
"ThePhotoStick® Omni 128GB - Secure Photo & Video Backup and Transfer | Digital File Organization | USB & Multiport Connection for Phones, Tablets and Computers | Portable Memory | External Storage",79.99,3.7 out of 5 stars,"6,232 ratings",In Stock
"SAMSUNG 990 EVO SSD 2TB, PCIe Gen 4x4, Gen 5x2 M.2 2280 NVMe Internal Solid State Drive, Speeds Up to 5,000MB/s, Upgrade Storage for PC Computer, Laptop, MZ-V9E2T0B/AM, Black",129.99,4.7 out of 5 stars,"1,693 ratings",In Stock
"Western Digital WD_BLACK 1TB SN770 NVMe Internal Gaming SSD Solid State Drive - Gen4 PCIe, M.2 2280, Up to 5,150 MB/s - WDS100T3X0E",69.99,4.8 out of 5 stars,"19,365 ratings",
"WD_BLACK 2TB SN850P NVMe M.2 SSD Officially Licensed Storage Expansion for PS5 Consoles, up to 7,300MB/s, with heatsink - WDBBYV0020BNC-WRSN",179.99,4.8 out of 5 stars,"5,525 ratings",
"Crucial BX500 1TB 3D NAND SATA 2.5-Inch Internal SSD, up to 540MB/s - CT1000BX500SSD1, Solid State Drive",57.90,4.7 out of 5 stars,"122,037 ratings",In Stock
"UnionSine 1TB Ultra Slim Portable External Hard Drive HDD-USB 3.0 for PC, Mac, Laptop, PS4, Xbox one, Xbox 360-HD2510(Black)",54.89,4.5 out of 5 stars,"44,305 ratings",In Stock
"Kingston Ironkey Keypad 200 128GB Encrypted USB | Alphanumeric Keypad | Multi-Pin Access | XTS-AES 256-bit | FIPS 140-3 Level 3 Certified | Brute Force & BadUSB Protection | IKKP200/128GB,Blue",174.99,4.4 out of 5 stars,157 ratings,In Stock
"500GB Portable External Hard Drive, USB3.1 Gen 1 Type C Ultra Slim 2.5'' HDD Storage Compatible for PC, Desktop, Laptop, Mac, Xbox One (Silver)",30.99,4.2 out of 5 stars,536 ratings,
"256GB Flash Drives Intended for iPhone, Memory Stick Storage for Photos and Videos Backup, Compatible with iPhone iPad Android PC, Plug and Play, No Application Required (Dark Blue)",39.99,4.5 out of 5 stars,82 ratings,In Stock
"SAMSUNG T7 Portable SSD, 1TB External Solid State Drive, Speeds Up to 1,050MB/s, USB 3.2 Gen 2, Reliable Storage for Gaming, Students, Professionals, MU-PC1T0T/AM, Gray",99.99,4.8 out of 5 stars,"33,562 ratings",
"Amazon Basics 128 GB Ultra Fast USB 3.1 Flash Drive, Black",9.99,4.6 out of 5 stars,"19,941 ratings",In Stock
"WD_BLACK 2TB SN850X NVMe Internal Gaming SSD Solid State Drive - Gen4 PCIe, M.2 2280, Up to 7,300 MB/s - WDS200T2X0E",149.99,4.8 out of 5 stars,"22,837 ratings",
"SAMSUNG 980 PRO SSD 2TB PCIe NVMe Gen 4 Gaming M.2 Internal Solid State Drive Memory Card , Maximum Speed, Thermal Control MZ-V8P2T0B/AM",163.99,4.8 out of 5 stars,"39,404 ratings",In Stock
Samsung Electronics 870 EVO 2TB 2.5 Inch SATA III Internal SSD (MZ-77E2T0B/AM),169.99,4.8 out of 5 stars,"41,230 ratings",In Stock
"SAMSUNG T7 Shield 4TB Portable SSD - 1050MB/s, Rugged, Water & Dust Resistant, for Content Creators - Black",299.00,4.7 out of 5 stars,"13,791 ratings",In Stock
"SanDisk 128GB Ultra Flair USB 3.0 Flash Drive - SDCZ73-128G-G46, black",11.99,4.6 out of 5 stars,"183,176 ratings",In Stock
"SanDisk 512GB Ultra USB 3.0 Flash Drive - SDCZ48-512G-G46, Black",28.49,4.7 out of 5 stars,"42,113 ratings",In Stock
"WD_Black 1TB C50 Expansion Card, Officially Licensed for Xbox – Quick Resume, Plug & Play, NVMe SSD Expansion for Xbox Series X|S Gaming Consoles - WDBMPH0010BNC-WCSN",129.99,4.8 out of 5 stars,"5,926 ratings",In Stock
"ThePhotoStick® Omni 256GB - Secure Photo & Video Backup and Transfer | Digital File Organization | USB & Multiport Connection for Phones, Tablets and Computers | Portable Memory | External Storage",123.95,3.7 out of 5 stars,"2,195 ratings",In Stock
"Toshiba Canvio Basics 2TB Portable External Hard Drive USB 3.0, Black - HDTB520XK3AA",64.88,4.6 out of 5 stars,"11,298 ratings",In Stock
Seagate BarraCuda 8TB Internal Hard Drive HDD – 3.5 Inch Sata 6 Gb/s 5400 RPM 256MB Cache for Computer Desktop PC (ST8000DMZ04/004),134.99,4.7 out of 5 stars,"117,707 ratings",Available to ship in 1-2 days
"SanDisk 1TB Portable SSD - Up to 800MB/s, USB-C, USB 3.2 Gen 2, Updated Firmware - External Solid State Drive - SDSSDE30-1T00-G26",79.93,4.6 out of 5 stars,"13,928 ratings",In Stock
"Crucial T500 2TB Gen4 NVMe M.2 Internal Gaming SSD, Up to 7400MB/s, Laptop & Desktop Compatible + 1mo Adobe CC All Apps - CT2000T500SSD8",134.99,4.8 out of 5 stars,"4,129 ratings",In Stock
"SAMSUNG T9 Portable SSD 4TB, USB 3.2 Gen 2x2 External Solid State Drive, Seq. Read Speeds Up to 2,000MB/s for Gaming, Students and Professionals,MU-PG4T0B/AM, Black (Pack of 1)",329.99,4.7 out of 5 stars,"1,268 ratings",In Stock
"GIGASTONE Z40 256GB 2-Pack 2-in-1 Dual OTG Flash Drive USB3.2 Gen 1, USB-A&USB-C, Reliable Performance, Durable, Data Storage,File Sharing, Backup,Boot Drive,USB2.0/USB3.0/USB3.1 Interface Compatible",48.99,Previous page of related Sponsored Products,,
"USB3.0 Flash Drive 512GB Phone Memory Stick Storage for Photos and Videos, External Memory Storage Flash Drive Compatible with iPhone iPad Android and Computers (Light Purple)",59.99,4.0 out of 5 stars,"2,539 ratings",In Stock
"fanxiang 256GB Flash Drive Up to 560MB/s External SSD,Type C & 3.2 USB-A,Gen 2 Thumb Drive,Memory Stick for iPhone15/PS4//Android Phone/Windows/Mac",36.99,4.3 out of 5 stars,211 ratings,In Stock
Hoteam 50 Pack USB 2.0 Flash Drives Bulk Blue Pen Drives Portable Pen Drives Thumb Drive with Hat USB Sticks Bulk with 50 Pcs Lanyards for Data Storage File Sharing Commercial Gift (4GB),65.99,3.8 out of 5 stars,41 ratings,
"iDiskk App-le Certified 2TB Portable External Hard Drive for iPhone,iPad Android Phones,MacBook,Computer to Backup Docs| Photos | Videos,iPhone 15 & 16 Photo Stick Photo Storage Phone Drive",123.99,4.0 out of 5 stars,135 ratings,In Stock
"iDiskk 2TB App-le Certified External Hard Drive for iPhone 16,15 & iPad Android Mobile 2TB Photo Stick,MacBook and PC, Photo Storage Phone Drive to Bacukp Photos/Videos,Files for iPhone14/13/12/11/X",123.99,3.8 out of 5 stars,112 ratings,In Stock
"SanDisk 4TB Extreme PRO Portable SSD - Up to 2000MB/s - USB-C, USB 3.2 Gen 2x2, IP65 Water and Dust Resistance, Updated Firmware - External Solid State Drive - SDSSDE81-4T00-G25",299.99,4.4 out of 5 stars,"13,275 ratings",In Stock
"LaCie Rugged Mini 2TB External Hard Drive Portable HDD - USB 3.0/ 2.0 Compatible, Drop Shock Dust Rain Resistant Shuttle Drive, For Mac And PC Computer (LAC9000298), orange",89.00,4.6 out of 5 stars,"29,670 ratings",In Stock
Seagate IronWolf 8TB NAS Internal Hard Drive HDD – 3.5 Inch SATA 6Gb/s 7200 RPM 256MB Cache for RAID Network Attached Storage – Frustration Free Packaging (ST8000VNZ04/N004),179.99,4.5 out of 5 stars,"10,264 ratings",In Stock
"Western Digital 1TB WD Blue SA510 SATA Internal Solid State Drive SSD - SATA III 6 Gb/s, 2.5""/7mm, Up to 560 MB/s - WDS100T3B0A",72.70,4.3 out of 5 stars,"7,935 ratings",In Stock
"Samsung Type-C™ USB Flash Drive, 256GB, Transfers 4GB Files in 11 Secs w/Up to 400MB/s 3.13 Read Speeds, Compatible w/USB 3.0/2.0, Waterproof, 2022, Blue, MUF-256DA/AM",26.45,4.6 out of 5 stars,"11,752 ratings",
"Crucial P3 1TB PCIe Gen3 3D NAND NVMe M.2 SSD, up to 3500MB/s - CT1000P3SSD8",61.50,4.7 out of 5 stars,"26,153 ratings",In Stock
"Yubico - YubiKey 5C NFC - Two-Factor authentication (2FA) Security Key, Connect via USB-C or NFC, FIDO Certified - Protect Your Online Accounts",55.00,4.6 out of 5 stars,"17,507 ratings",In Stock
"WD 2TB Elements Portable External Hard Drive for Windows, USB 3.2 Gen 1/USB 3.0 for PC & Mac, Plug and Play Ready - WDBU6Y0020BBK-WESN",74.99,4.6 out of 5 stars,"293,341 ratings",In Stock
"MFi Certified 128GB Photo Stick for iPhone Flash Drive,USB Memory Stick Thumb Drives High Speed USB Stick External Storage Compatible for iPhone/iPad/Android/PC",29.99,4.2 out of 5 stars,"6,820 ratings",In Stock
"WD 20TB Elements Desktop External Hard Drive, USB 3.0 drive for plug-and-play storage - WDBWLG0200HBK-NESN",314.00,4.5 out of 5 stars,"22,779 ratings",
"SAMSUNG T5 EVO Portable SSD 8TB, USB 3.2 Gen 1 External Solid State Drive, Seq. Read Speeds Up to 460MB/s for Gaming and Content Creation, MU-PH8T0S/AM, Black",399.99,4.3 out of 5 stars,309 ratings,In Stock
"Maxone 500GB Ultra Slim Portable External Hard Drive HDD USB 3.0 for PC, Mac, Laptop, PS4, Xbox one - Charcoal Grey",28.78,4.5 out of 5 stars,"53,114 ratings",In Stock
"Kingston Ironkey Keypad 200 32GB Encrypted USB | Alphanumeric Keypad | Multi-Pin Access | XTS-AES 256-bit | FIPS 140-3 Level 3 Certified | Brute Force & BadUSB Protection | IKKP200/32GB,Blue",126.22,4.4 out of 5 stars,157 ratings,In Stock
"MFi Certified 256GB Flash Drive for iPhone iPad, Photo Stick for External Memory Storage, Easily Back Up and Save Photos Videos, USB Memory Stick Thumb Drive for iPhone/iPad/Android/PC (Blue)",39.99,4.9 out of 5 stars,188 ratings,In Stock
